,Title,Price,Release Date,Game Rating,Users Reviewed
0,Counter-Strike: Global Offensive,Free to Play,"21 Aug, 2012",88%,"6,038,424"
1,Apex Legends‚Ñ¢,Free to Play,"4 Nov, 2020",86%,"351,931"
2,Red Dead Redemption 2,      114.50 SR,"5 Dec, 2019",86%,"197,785"
3,Farming Simulator 22,179.00 SR,"21 Nov, 2021",85%,"6,973"
4,Forza Horizon 5,249.00 SR,"8 Nov, 2021",85%,"36,986"
5,FIFA 22,      137.40 SR,"30 Sep, 2021",82%,"15,418"
6,PUBG: BATTLEGROUNDS,120.00 SR,"21 Dec, 2017",54%,"1,540,269"
7,Halo Infinite,Free To Play,"15 Nov, 2021",79%,"77,658"
8,Cyberpunk 2077,      114.50 SR,"9 Dec, 2020",76%,"407,553"
9,Age of Empires IV,229.00 SR,"28 Oct, 2021",87%,"16,423"
10,Forza Horizon 4,     29.68 SR,"9 Mar, 2021",87%,"86,423"
11,Destiny 2,Free To Play,"1 Oct, 2019",84%,"423,408"
12,New World,      112.46 SR,"28 Sep, 2021",70%,"171,420"
13,NARAKA: BLADEPOINT,109.95 SR,"11 Aug, 2021",80%,"65,203"
14,The Elder Scrolls V: Skyrim Special Edition,      52.47 SR,"27 Oct, 2016",94%,"87,553"
15,Hearts of Iron IV,      26.00 SR,"6 Jun, 2016",92%,"113,839"
16,Stellaris,     14.98 SR,"9 May, 2016",87%,"83,677"
17,The Elder Scrolls¬Æ Online,     26.99 SR,"22 May, 2017",83%,"90,623"
18,Sid Meier‚Äôs Civilization¬Æ VI,      37.35 SR,"20 Oct, 2016",83%,"134,852"
19,It Takes Two,      117.18 SR,"25 Mar, 2021",96%,"47,994"
20,Back 4 Blood,      160.30 SR,"12 Oct, 2021",65%,"19,787"
21,Rust,     40.16 SR,"8 Feb, 2018",87%,"565,437"
22,Sea of Thieves,     35.97 SR,"3 Jun, 2020",90%,"150,966"
23,Tom Clancy's Rainbow Six¬Æ Siege,     36.51 SR,"1 Dec, 2015",87%,"839,513"
24,FINAL FANTASY XIV Online,41.00 SR,"18 Feb, 2014",89%,"44,251"
25,Planet Zoo,      34.67 SR,"5 Nov, 2019",89%,"41,730"
26,Inscryption,     39.96 SR,"19 Oct, 2021",96%,"27,435"
27,Halo: The Master Chief Collection,     29.97 SR,"3 Dec, 2019",92%,"159,611"
28,Horizon Zero Dawn‚Ñ¢ Complete Edition,     37.47 SR,"7 Aug, 2020",83%,"46,961"
29,Tales of Arise,      186.75 SR,"9 Sep, 2021",91%,"12,743"
30,Marvel's Guardians of the Galaxy,      148.85 SR,"26 Oct, 2021",94%,"6,835"
31,Borderlands 3,      62.25 SR,"13 Mar, 2020",84%,"69,338"
32,The Forest,     13.98 SR,"30 Apr, 2018",94%,"269,091"
33,The Witcher¬Æ 3: Wild Hunt,      20.80 SR,"18 May, 2015",97%,"525,939"
34,Football Manager 2022,149.00 SR,"8 Nov, 2021",92%,"4,267"
35,ARK: Survival Evolved,     15.49 SR,"27 Aug, 2017",81%,"381,044"
36,Cities: Skylines,     20.75 SR,"10 Mar, 2015",93%,"131,215"
37,Dead by Daylight,59.95 SR,"14 Jun, 2016",82%,"397,192"
38,Euro Truck Simulator 2,     14.00 SR,"12 Oct, 2012",97%,"372,899"
39,Valheim,     27.96 SR,"2 Feb, 2021",95%,"263,814"
40,Warframe,Free to Play,"25 Mar, 2013",91%,"453,944"
41,NBA 2K22,      112.50 SR,"9 Sep, 2021",48%,"7,310"
42,Myth of Empires,     42.25 SR,"18 Nov, 2021",77%,"5,384"
43,Satisfactory,     41.96 SR,"8 Jun, 2020",97%,"67,997"
44,Phasmophobia,     25.15 SR,"18 Sep, 2020",97%,"293,548"
45,DARK SOULS‚Ñ¢: REMASTERED,      73.50 SR,"23 May, 2018",86%,"32,788"
46,F1¬Æ 2021,      114.50 SR,"15 Jul, 2021",85%,"11,928"
47,Dota 2,Free to Play,"9 Jul, 2013",83%,"1,621,855"
48,Raft,     37.52 SR,"23 May, 2018",93%,"123,807"
49,Monster Hunter: World,      83.16 SR,"9 Aug, 2018",86%,"202,771"
50,Deep Rock Galactic,     23.47 SR,"13 May, 2020",97%,"88,559"
51,Total War: WARHAMMER II,      67.66 SR,"28 Sep, 2017",93%,"72,090"
52,DOOM Eternal,      67.25 SR,"20 Mar, 2020",90%,"124,167"
53,DEATH STRANDING,      70.80 SR,"14 Jul, 2020",92%,"44,003"
54,DARK SOULS‚Ñ¢ III,      149.50 SR,"11 Apr, 2016",94%,"192,868"
55,Expansion - Hearts of Iron IV: No Step Back,34.95 SR,"23 Nov, 2021",76%,"1,691"
56,Sekiro‚Ñ¢: Shadows Die Twice - GOTY Edition,      148.85 SR,"21 Mar, 2019",94%,"110,242"
57,DEATHLOOP,      115.00 SR,"14 Sep, 2021",78%,"10,742"
58,Battlefield‚Ñ¢ 2042,229.00 SR,"19 Nov, 2021",34%,"57,434"
59,Stardew Valley,     28.20 SR,"26 Feb, 2016",98%,"346,868"
60,Hunt: Showdown,      84.50 SR,"27 Aug, 2019",84%,"85,407"
61,Half-Life: Alyx,     44.97 SR,"23 Mar, 2020",98%,"54,127"
62,Fall Guys: Ultimate Knockout,     17.47 SR,"4 Aug, 2020",83%,"353,729"
63,Ruined King: A League of Legends Story‚Ñ¢,90.00 SR,"16 Nov, 2021",89%,"4,571"
64,Terraria,     16.50 SR,"16 May, 2011",98%,"681,879"
65,Don't Starve Together,     10.18 SR,"21 Apr, 2016",96%,"197,231"
66,War Thunder,Free to Play,"15 Aug, 2013",79%,"261,445"
67,Assassin's Creed¬Æ Odyssey,      68.75 SR,"5 Oct, 2018",89%,"98,244"
68,Call of Duty¬Æ: Black Ops III,      124.50 SR,"6 Nov, 2015",81%,"54,238"
69,Team Fortress 2,Free to Play,"10 Oct, 2007",93%,"829,044"
70,Pathfinder: Wrath of the Righteous,      160.65 SR,"2 Sep, 2021",83%,"11,216"
71,Hades,     27.96 SR,"17 Sep, 2020",98%,"155,188"
72,Resident Evil Village,      199.35 SR,"7 May, 2021",95%,"42,939"
73,The Elder Scrolls V: Skyrim Anniversary Upgrade,80.00 SR,"11 Nov, 2021",63%,"2,647"
74,Path of Exile,Free to Play,"23 Oct, 2013",90%,"174,845"
75,SMITE¬Æ,Free to Play,"8 Sep, 2015",80%,"92,844"
76,Black Desert,     2.49 SR,"17 May, 2018",76%,"37,077"
77,DayZ,      95.40 SR,"13 Dec, 2018",69%,"236,308"
78,Jurassic World Evolution 2,144.95 SR,"9 Nov, 2021",76%,"4,057"
79,No Man's Sky,     44.97 SR,"12 Aug, 2016",71%,"171,166"
80,Days Gone,      111.00 SR,"18 May, 2021",93%,"17,091"
81,Demon Slayer -Kimetsu no Yaiba- The Hinokami Chronicles,      156.80 SR,"15 Oct, 2021",88%,"5,783"
82,Wallpaper Engine,14.00 SR,Nov 2018,97%,"400,956"
83,Arma 3,      29.98 SR,"12 Sep, 2013",90%,"155,402"
84,Disco Elysium - The Final Cut,     29.97 SR,"15 Oct, 2019",94%,"41,872"
85,The Binding of Isaac: Rebirth,     19.43 SR,"4 Nov, 2014",97%,"156,977"
86,Divinity: Original Sin 2 - Definitive Edition,      50.00 SR,"14 Sep, 2017",95%,"117,057"
87,Age of Empires II: Definitive Edition,     37.00 SR,"14 Nov, 2019",94%,"81,985"
88,Dying Light,      43.60 SR,"21 Apr, 2016",95%,"205,916"
89,Fallout 4,     32.00 SR,"10 Nov, 2015",80%,"164,381"
90,Gunfire Reborn,     26.21 SR,"18 Nov, 2021",94%,"53,940"
91,STAR WARS Jedi: Fallen Order‚Ñ¢,      69.93 SR,"15 Nov, 2019",90%,"68,017"
92,RimWorld,     48.55 SR,"17 Oct, 2018",98%,"99,140"
93,JUMP FORCE,      19.90 SR,"15 Feb, 2019",73%,"12,585"
94,Crusader Kings III,     59.96 SR,"1 Sep, 2020",93%,"42,539"
95,World of Warships,Free to Play,"15 Nov, 2017",80%,"91,553"
96,Metro Exodus,      44.80 SR,"14 Feb, 2020",88%,"56,918"
97,Outer Wilds,     23.97 SR,"18 Jun, 2020",95%,"26,443"
98,Tom Clancy's Ghost Recon¬Æ Wildlands,      45.80 SR,"7 Mar, 2017",79%,"48,314"
99,Microsoft Flight Simulator Game of the Year Edition,269.00 SR,"18 Apr, 2020",75%,"30,028"
100,Risk of Rain 2,     43.20 SR,"11 Aug, 2020",96%,"114,602"
101,Timberborn,     35.95 SR,"15 Sep, 2021",95%,"6,589"
102,Wasteland 3,     19.78 SR,"28 Aug, 2020",82%,"9,194"
103,Fallout 76,      36.25 SR,"14 Apr, 2020",76%,"30,712"
104,The Outer Worlds,      82.17 SR,"23 Oct, 2020",85%,"13,935"
105,Subnautica,     23.47 SR,"24 Jan, 2018",96%,"164,285"
106,NARUTO SHIPPUDEN: Ultimate Ninja STORM 4,      27.60 SR,"5 Feb, 2016",90%,"48,368"
107,World of Tanks Blitz,Free to Play,"9 Nov, 2016",80%,"94,982"
108,Stellaris: Aquatics Species Pack,     17.56 SR,"22 Nov, 2021",90%,428
109,Europa Universalis IV,      26.00 SR,"13 Aug, 2013",85%,"69,074"
110,Hollow Knight,     23.50 SR,"24 Feb, 2017",97%,"165,385"
111,Monster Hunter World: Iceborne,      99.20 SR,"9 Jan, 2020",54%,"14,252"
112,Mount & Blade II: Bannerlord,      160.65 SR,"30 Mar, 2020",87%,"136,862"
113,Insurgency: Sandstorm,      59.50 SR,"12 Dec, 2018",86%,"65,137"
114,Hell Let Loose,     44.96 SR,"27 Jul, 2021",86%,"36,750"
115,Far Cry¬Æ 5,      55.00 SR,"27 Mar, 2018",79%,"103,441"
116,Nioh 2 ‚Äì The Complete Edition,     52.46 SR,"5 Feb, 2021",87%,"17,334"
117,Ori and the Will of the Wisps,     15.49 SR,"11 Mar, 2020",96%,"70,839"
118,BeamNG.drive,     31.96 SR,"29 May, 2015",96%,"88,386"
119,Overcooked! 2,     9.98 SR,"7 Aug, 2018",90%,"23,894"
120,DCS World Steam Edition,Free,"3 Aug, 2013",84%,"18,976"
121,American Truck Simulator,     17.00 SR,"2 Feb, 2016",96%,"75,082"
122,Bloons TD 6,     6.58 SR,"18 Dec, 2018",97%,"125,205"
123,The Riftbreaker,     53.95 SR,"14 Oct, 2021",92%,"7,475"
124,Fate Seeker II,84.80 SR,"22 Nov, 2021",89%,"3,751"
125,PAYDAY 2,     8.00 SR,"13 Aug, 2013",89%,"349,405"
126,Dead Cells,     41.99 SR,"7 Aug, 2018",96%,"77,017"
127,Grim Dawn,     17.50 SR,"25 Feb, 2016",93%,"58,058"
128,7 Days to Die,     17.98 SR,"13 Dec, 2013",87%,"132,672"
129,STAR WARS‚Ñ¢: The Old Republic‚Ñ¢,Free To Play,"21 Jul, 2020",91%,"34,281"
130,World War Z: Aftermath,     44.96 SR,"21 Sep, 2021",81%,"3,350"
131,Detroit: Become Human,     44.99 SR,"18 Jun, 2020",91%,"34,193"
132,Mortal Kombat¬†11,     21.23 SR,"23 Apr, 2019",86%,"41,161"
133,Human: Fall Flat,     15.98 SR,"22 Jul, 2016",94%,"116,418"
134,Assassin's Creed¬Æ Origins,      55.00 SR,"27 Oct, 2017",86%,"65,843"
135,Conan Exiles,      47.99 SR,"8 May, 2018",78%,"50,893"
136,SnowRunner,      77.35 SR,"18 May, 2021",86%,"5,694"
137,Total War: THREE KINGDOMS,      119.40 SR,"23 May, 2019",84%,"44,928"
138,TEKKEN 7,      18.75 SR,"2 Jun, 2017",82%,"41,859"
139,Tabletop Simulator,     28.00 SR,"5 Jun, 2015",96%,"29,181"
140,Left 4 Dead 2,     4.39 SR,"17 Nov, 2009",97%,"397,455"
141,NARUTO TO BORUTO: SHINOBI STRIKER,      12.50 SR,"31 Aug, 2018",85%,"27,322"
142,Middle-earth‚Ñ¢: Shadow of War‚Ñ¢,     13.59 SR,"10 Oct, 2017",87%,"52,194"
143,Age of Empires III: Definitive Edition,     17.47 SR,"15 Oct, 2020",76%,"19,872"
144,Madden NFL 22,      114.50 SR,"20 Aug, 2021",50%,"1,871"
145,OUTRIDERS,      75.57 SR,"1 Apr, 2021",64%,"39,506"
146,GUILTY GEAR -STRIVE-,     58.46 SR,"11 Jun, 2021",91%,"14,146"
147,Resident Evil 7 Biohazard,      33.33 SR,"24 Jan, 2017",94%,"35,679"
148,Assetto Corsa Competizione,      56.61 SR,"29 May, 2019",90%,"11,806"
149,HITMAN‚Ñ¢ 2,,"13 Nov, 2018",91%,"26,337"
150,Medieval Dynasty,      87.96 SR,"23 Sep, 2021",90%,"18,554"
151,Total War: WARHAMMER,      49.75 SR,"24 May, 2016",78%,"28,870"
152,Batman‚Ñ¢: Arkham Knight,     11.20 SR,"23 Jun, 2015",87%,"45,852"
153,Subnautica: Below Zero,     35.21 SR,"14 May, 2021",91%,"54,374"
154,Yu-Gi-Oh! Duel Links,Free to Play,"17 Nov, 2017",84%,"34,523"
155,HUMANKIND‚Ñ¢,      151.20 SR,"17 Aug, 2021",69%,"13,203"
156,Need for Speed‚Ñ¢ Heat,      74.75 SR,"4 Jun, 2020",84%,"28,562"
157,Beat Saber,46.95 SR,"21 May, 2019",96%,"52,237"
158,Assetto Corsa,     6.99 SR,"19 Dec, 2014",91%,"43,551"
159,The Jackbox Party Pack 8,     37.56 SR,"14 Oct, 2021",93%,455
160,Shadow of the Tomb Raider: Definitive Edition,,"14 Sep, 2018",85%,"43,466"
161,Farming Simulator 19,     31.60 SR,"20 Nov, 2018",93%,"47,892"
162,Baldur's Gate 3,229.00 SR,"6 Oct, 2020",88%,"41,999"
163,Potion Craft: Alchemist Simulator,     23.96 SR,"21 Sep, 2021",94%,"6,353"
164,Noita,     19.22 SR,"15 Oct, 2020",95%,"35,030"
165,Frostpunk,     14.08 SR,"24 Apr, 2018",91%,"60,013"
166,Warhammer: Vermintide 2,     11.73 SR,"8 Mar, 2018",82%,"59,614"
167,Yakuza: Like a Dragon,      120.00 SR,"10 Nov, 2020",96%,"10,434"
168,ELDEN RING,249.00 SR,"25 Feb, 2022",No ,yet
169,Aliens: Fireteam Elite,      118.30 SR,"24 Aug, 2021",83%,"10,011"
170,Among Us,     8.96 SR,"16 Nov, 2018",92%,"522,820"
171,Garry's Mod,     22.11 SR,"29 Nov, 2006",96%,"647,465"
172,Barotrauma,     14.98 SR,"5 Jun, 2019",92%,"14,682"
173,DRAGON BALL Z: KAKAROT,      82.17 SR,"17 Jan, 2020",92%,"21,698"
174,Resident Evil 3,      73.50 SR,"24 Jan, 2019",77%,"33,340"
175,Titanfall¬Æ 2,      37.53 SR,"18 Jun, 2020",95%,"77,550"
176,Kingdom Come: Deliverance,     15.96 SR,"13 Feb, 2018",81%,"62,846"
177,Slay the Spire,     15.98 SR,"23 Jan, 2019",97%,"86,423"
178,Car Mechanic Simulator 2021,     35.95 SR,"11 Aug, 2021",95%,"9,397"
179,Escape Simulator,     26.95 SR,"19 Oct, 2021",95%,"1,148"
180,Cuphead,     39.20 SR,"29 Sep, 2017",96%,"71,870"
181,MechWarrior 5: Mercenaries,     35.21 SR,"27 May, 2021",83%,"3,273"
182,ASTRONEER,     51.35 SR,"6 Feb, 2019",91%,"71,095"
183,Planet Coaster,      42.00 SR,"17 Nov, 2016",90%,"41,571"
184,Devil May Cry 5,      78.54 SR,"8 Mar, 2019",94%,"41,833"
185,Wildermyth,     29.96 SR,"15 Jun, 2021",95%,"9,016"
186,Brawlhalla,Free to Play,"17 Oct, 2017",84%,"255,840"
187,FOR HONOR‚Ñ¢,     27.71 SR,"14 Feb, 2017",66%,"62,845"
188,ARK: Genesis Season Pass,     37.56 SR,"8 Aug, 2019",53%,"4,385"
189,State of Decay 2: Juggernaut Edition,     53.97 SR,"13 Mar, 2020",80%,"25,061"
190,The Sims‚Ñ¢ 4 Seasons,      74.50 SR,"18 Jun, 2020",90%,113
191,Squad,     56.21 SR,"23 Sep, 2020",90%,"68,383"
192,Factorio,45.00 SR,"14 Aug, 2020",98%,"104,388"
193,Sniper Elite 4,      22.50 SR,"14 Feb, 2017",90%,"29,653"
194,DRAGON BALL FighterZ,      37.35 SR,"26 Jan, 2018",90%,"32,536"
195,Resident Evil 2,      66.00 SR,"24 Jan, 2019",97%,"64,648"
196,Darkest Dungeon¬Æ,     10.50 SR,"19 Jan, 2016",90%,"91,110"
197,XCOM¬Æ 2,      15.00 SR,"5 Feb, 2016",84%,"50,888"
198,Poppy Playtime,11.95 SR,"12 Oct, 2021",92%,"8,045"
199,Call of Duty¬Æ: Black Ops II,      124.50 SR,"12 Nov, 2012",84%,"12,457"
200,FINAL FANTASY XIV: Endwalker,146.00 SR,"7 Dec, 2021",No ,yet
201,House Flipper,34.95 SR,"17 May, 2018",92%,"45,355"
202,CODE VEIN,      49.75 SR,"27 Sep, 2019",87%,"26,932"
203,Watch_Dogs¬Æ 2,      55.00 SR,"29 Nov, 2016",82%,"48,719"
204,Totally Accurate Battle Simulator,     17.47 SR,"1 Apr, 2021",98%,"71,013"
205,The Sims‚Ñ¢ 4 Cats & Dogs,      74.50 SR,"18 Jun, 2020",79%,132
206,SCARLET NEXUS,      129.35 SR,"25 Jun, 2021",86%,"6,399"
207,Gloomhaven,53.95 SR,"20 Oct, 2021",88%,"6,374"
208,SCUM,     32.37 SR,"29 Aug, 2018",74%,"53,762"
209,Super Robot Wars 30,199.00 SR,"28 Oct, 2021",91%,"2,646"
210,Sniper Ghost Warrior Contracts 2,      79.73 SR,"4 Jun, 2021",84%,"3,415"
211,Atelier Ryza: Ever Darkness & the Secret Hideout,     44.97 SR,"29 Oct, 2019",86%,"4,677"
212,DRAGON BALL XENOVERSE 2,      29.44 SR,"28 Oct, 2016",87%,"22,253"
213,Northgard,     18.78 SR,"7 Mar, 2018",88%,"31,447"
214,Total War‚Ñ¢: ROME II - Emperor Edition,      49.75 SR,"2 Sep, 2013",84%,"37,608"
215,Death's Door,     37.46 SR,"20 Jul, 2021",95%,"6,085"
216,HOT WHEELS UNLEASHED‚Ñ¢,     69.96 SR,"30 Sep, 2021",82%,"1,580"
217,Age of Darkness: Final Stand,     28.46 SR,"7 Oct, 2021",90%,"1,872"
218,Pavlov VR,     23.97 SR,"27 Feb, 2017",94%,"25,375"
219,ONE PIECE: PIRATE WARRIORS 4,      59.70 SR,"27 Mar, 2020",91%,"6,922"
220,ACE COMBAT‚Ñ¢ 7: SKIES UNKNOWN,      49.75 SR,"1 Feb, 2019",85%,"17,586"
221,Soulworker,Free,"13 May, 2021",75%,"6,824"
222,Oxygen Not Included,     15.98 SR,"30 Jul, 2019",96%,"71,115"
223,Gas Station Simulator,     30.75 SR,"15 Sep, 2021",86%,"8,237"
224,Sid Meier's Civilization¬Æ VI: Gathering Storm,      42.25 SR,"14 Feb, 2019",68%,"2,021"
225,BONEWORKS,     37.56 SR,"10 Dec, 2019",91%,"22,946"
226,Battlefield V,269.00 SR,"22 Oct, 2020",70%,"72,170"
227,Green Hell,     29.96 SR,"5 Sep, 2019",87%,"30,150"
228,Sherlock Holmes Chapter One,199.00 SR,"15 Nov, 2021",86%,475
229,Substance 3D Painter 2022,      147.36 SR,"24 Nov, 2021",92%,26
230,Unpacking,34.95 SR,"2 Nov, 2021",92%,"3,291"
231,Little Nightmares II,      86.43 SR,"11 Feb, 2021",95%,"13,261"
232,Apex Legends‚Ñ¢ - Champion Edition,      132.30 SR,"5 Nov, 2020",86%,338
233,Ghostrunner,      50.40 SR,"27 Oct, 2020",91%,"26,738"
234,Project Zomboid,47.00 SR,"8 Nov, 2013",90%,"39,958"
235,DARK SOULS‚Ñ¢ II: Scholar of the First Sin,      73.50 SR,"2 Apr, 2015",86%,"48,066"
236,Tribes of Midgard,     44.99 SR,"27 Jul, 2021",77%,"8,868"
237,Teardown,39.95 SR,"29 Oct, 2020",95%,"25,729"
238,The Last Stand: Aftermath,39.95 SR,"16 Nov, 2021",84%,"1,439"
239,DEVOUR,     9.56 SR,"28 Jan, 2021",91%,"20,972"
240,RuneScape ¬Æ,Free To Play,"14 Oct, 2020",88%,"15,825"
241,Control Ultimate Edition,      48.00 SR,"27 Aug, 2020",89%,"20,065"
242,Persona¬Æ 5 Strikers,      135.00 SR,"23 Feb, 2021",93%,"6,643"
243,The Dark Pictures Anthology: House of Ashes,129.00 SR,"22 Oct, 2021",89%,"2,291"
244,SUCCUBUS,     29.16 SR,"5 Oct, 2021",87%,"1,724"
245,Remnant: From the Ashes,     23.98 SR,"20 Aug, 2019",85%,"33,245"
246,Elite Dangerous,      28.00 SR,"2 Apr, 2015",76%,"59,085"
247,STAR WARS‚Ñ¢ Battlefront‚Ñ¢ II,      37.80 SR,"11 Jun, 2020",89%,"23,126"
248,Portal 2,     4.39 SR,"19 Apr, 2011",98%,"216,698"
249,War Robots,Free To Play,"4 Apr, 2018",60%,"9,842"
250,Train Simulator 2022,     39.90 SR,"30 Sep, 2021",69%,"14,658"
251,Pummel Party,29.95 SR,"20 Sep, 2018",90%,"26,005"
252,Borderlands 2,     14.00 SR,"21 Sep, 2012",95%,"167,307"
253,"Warhammer 40,000: Gladius - Relics of War",     14.38 SR,"12 Jul, 2018",81%,"4,017"
254,Dyson Sphere Program,     31.45 SR,"21 Jan, 2021",97%,"48,680"
255,BioShock Infinite,     20.75 SR,"26 Mar, 2013",95%,"88,206"
256,Grounded,46.95 SR,"28 Jul, 2020",88%,"20,058"
257,The Binding of Isaac: Repentance,,"31 Mar, 2021",76%,"7,849"
258,Paladins¬Æ,Free to Play,"8 May, 2018",85%,"314,665"
259,Tropico 6,     47.47 SR,"29 Mar, 2019",87%,"13,114"
260,Planet Zoo: North America Animal Pack,     31.73 SR,"4 Oct, 2021",84%,75
261,DYSMANTLE,     22.71 SR,"16 Nov, 2021",92%,"3,837"
262,Bright Memory: Infinite,34.95 SR,"12 Nov, 2021",93%,"18,561"
263,Psychonauts 2,     62.96 SR,"25 Aug, 2021",98%,"4,230"
264,Space Engineers,     24.46 SR,"28 Feb, 2019",89%,"79,133"
265,Skul: The Hero Slayer,     24.46 SR,"21 Jan, 2021",93%,"24,906"
266,Stellaris: Nemesis,34.95 SR,"15 Apr, 2021",41%,"1,404"
267,Legion TD 2 - Multiplayer Tower Defense,     27.96 SR,"1 Oct, 2021",84%,"5,637"
268,Fallout: New Vegas,     9.90 SR,"22 Oct, 2010",96%,"113,823"
269,Marvel's Avengers,      62.00 SR,"4 Sep, 2020",68%,"16,638"
270,BIOMUTANT,      112.00 SR,"25 May, 2021",68%,"9,962"
271,Gang Beasts,     25.20 SR,"12 Dec, 2017",78%,"27,417"
272,The Ascent,      94.50 SR,"29 Jul, 2021",77%,"9,793"
273,Rise of the Tomb Raider‚Ñ¢,      30.00 SR,"28 Jan, 2016",93%,"85,440"
274,ICARUS,     42.25 SR,"4 Dec, 2021",No ,yet
275,Jurassic World Evolution,      41.24 SR,"12 Jun, 2018",85%,"41,085"
276,Sid Meier‚Äôs Civilization¬Æ VI: Rise and Fall,      42.57 SR,"8 Feb, 2018",58%,"2,115"
277,PICO PARK,     9.56 SR,"7 May, 2021",93%,"8,196"
278,RimWorld - Ideology,34.95 SR,"20 Jul, 2021",86%,"2,089"
279,UNO,     18.47 SR,"3 Jan, 2017",72%,"26,938"
280,World War 3,29.95 SR,"20 Oct, 2018",62%,"15,830"
281,Solasta: Crown of the Magister,     29.50 SR,"27 May, 2021",90%,"8,325"
282,The Elder Scrolls V: Skyrim VR,      78.87 SR,"3 Apr, 2018",75%,"5,324"
283,Outer Wilds - Echoes of the Eye,     26.39 SR,"28 Sep, 2021",92%,"2,343"
284,Persona 4 Golden,     47.60 SR,"13 Jun, 2020",97%,"44,906"
285,HighFleet,     32.86 SR,"27 Jul, 2021",88%,"2,726"
286,iRacing,     22.11 SR,"12 Jan, 2015",82%,"1,034"
287,METAL GEAR SOLID V: THE PHANTOM PAIN,     23.25 SR,"1 Sep, 2015",90%,"45,586"
288,X4: Foundations,      69.00 SR,"30 Nov, 2018",74%,"10,018"
289,A Hat in Time,     41.50 SR,"6 Oct, 2017",98%,"31,401"
290,Kingdom Two Crowns,     17.47 SR,"11 Dec, 2018",90%,"8,141"
291,Train Sim World¬Æ 2,     32.86 SR,"20 Aug, 2020",84%,"4,245"
292,Golf With Your Friends,     9.88 SR,"19 May, 2020",90%,"30,317"
293,EA Play,23.00 SR,"31 Aug, 2020",No ,yet
294,Call of Duty¬Æ: Black Ops,      74.50 SR,"9 Nov, 2010",90%,"10,147"
295,A Total War Saga: TROY,      124.50 SR,"2 Sep, 2021",71%,"1,188"
296,Conqueror's Blade,Free to Play,"6 Apr, 2020",67%,"20,885"
297,Moncage,     26.95 SR,"16 Nov, 2021",95%,"1,638"
298,Witch It,     14.70 SR,"22 Oct, 2020",89%,"9,064"
299,Graveyard Keeper,     8.73 SR,"15 Aug, 2018",85%,"19,624"
300,Star Trek Online,Free to Play,"1 Feb, 2012",78%,"15,509"
301,Pathfinder: Kingmaker - Enhanced Plus Edition,     15.72 SR,"25 Sep, 2018",78%,"19,878"
302,The Crew‚Ñ¢ 2,      45.80 SR,"29 Jun, 2018",83%,"45,069"
303,Don't Starve,     5.48 SR,,96%,"76,827"
304,Dishonored 2,      24.00 SR,"11 Nov, 2016",87%,"27,149"
305,Grand Theft Auto IV: Complete Edition,,,75%,"78,638"
306,Orcs Must Die! 3,     35.21 SR,"23 Jul, 2021",84%,"4,730"
307,DiRT Rally 2.0,     9.98 SR,"26 Feb, 2019",85%,"17,545"
308,Transport Fever 2,     33.97 SR,"11 Dec, 2019",87%,"11,957"
309,"Warhammer 40,000: Inquisitor - Martyr",      33.75 SR,"5 Jun, 2018",74%,"11,810"
310,BIGFOOT,     53.99 SR,"31 Jan, 2017",78%,"8,402"
311,Len's Island,39.95 SR,"26 Nov, 2021",90%,236
312,Police Simulator: Patrol Officers,     54.85 SR,"17 Jun, 2021",86%,"3,955"
313,Untitled Goose Game,     17.47 SR,"23 Sep, 2020",95%,"7,201"
314,Blade and Sorcery,34.95 SR,"11 Dec, 2018",96%,"23,399"
315,IL-2 Sturmovik: Battle of Stalingrad,      27.75 SR,"22 Oct, 2014",80%,"5,077"
316,Street Fighter V,     34.80 SR,"16 Feb, 2016",68%,"20,706"
317,Going Medieval,     35.95 SR,"1 Jun, 2021",89%,"7,396"
318,Minecraft Dungeons,85.00 SR,"22 Sep, 2021",92%,"2,021"
319,Kerbal Space Program,      26.00 SR,"27 Apr, 2015",94%,"78,822"
320,CarX Drift Racing Online,     17.97 SR,"17 Nov, 2017",94%,"30,486"
321,Euro Truck Simulator 2 - Iberia,     45.00 SR,"8 Apr, 2021",78%,"1,383"
322,È¨ºË∞∑ÂÖ´Ëçí Tale of Immortal,     35.95 SR,"27 Jan, 2021",87%,"106,388"
323,Shin Megami Tensei III Nocturne HD Remaster,      112.80 SR,"21 May, 2021",89%,"1,305"
324,Zombie Army 4: Dead War,     29.98 SR,"18 Feb, 2021",84%,"2,643"
325,ROMANCE OF THE THREE KINGDOMS XIV,      159.36 SR,"16 Jan, 2020",57%,"8,975"
326,EVE Online,Free To Play,"16 Dec, 2010",75%,"25,296"
327,Stellaris: Federations,     23.41 SR,"17 Mar, 2020",72%,813
328,Surviving Mars,     11.73 SR,"15 Mar, 2018",84%,"12,146"
329,Tavern Master,29.95 SR,"16 Nov, 2021",93%,"1,394"
330,Assassin's Creed¬Æ Unity,      20.85 SR,"13 Nov, 2014",73%,"36,486"
331,PowerWash Simulator,     29.70 SR,"19 May, 2021",97%,"11,495"
332,Wreckfest,     39.60 SR,"14 Jun, 2018",85%,"21,302"
333,Battlefield 1 ‚Ñ¢,189.00 SR,"11 Jun, 2020",84%,"50,021"
334,The Walking Dead: Saints & Sinners,     32.97 SR,"23 Jan, 2020",89%,"4,937"
335,MELTY BLOOD: TYPE LUMINA,74.95 SR,"30 Sep, 2021",86%,"3,676"
336,Shop Titans,Free To Play,"5 May, 2020",78%,"10,410"
337,Kenshi,     32.86 SR,"6 Dec, 2018",94%,"42,476"
338,Foxhole,     35.21 SR,"27 Jul, 2017",83%,"17,981"
339,GrandChase,Free To Play,"28 Jul, 2021",52%,"16,647"
340,Stranded Deep,     20.06 SR,"23 Jan, 2015",76%,"30,364"
341,Mortal Shell,     51.99 SR,"18 Aug, 2021",77%,"2,001"
342,Lobotomy Corporation | Monster Management Simulation,     13.58 SR,"9 Apr, 2018",93%,"15,065"
343,MIR4,Free To Play,"25 Aug, 2021",63%,"8,874"
344,They Are Billions,     37.56 SR,"18 Jun, 2019",85%,"32,583"
345,Mirror,    2.10 SR,"19 Apr, 2018",96%,"68,502"
346,FINAL FANTASY XIV: Shadowbringers,146.00 SR,"2 Jul, 2019",86%,892
347,Far Cry¬Æ 4,      41.70 SR,Nov 2014,82%,"35,234"
348,STAR WARS‚Ñ¢: Squadrons,      69.93 SR,"2 Oct, 2020",72%,"18,865"
349,Scrap Mechanic,     37.52 SR,"20 Jan, 2016",92%,"71,460"
350,Phoenix Wright: Ace Attorney Trilogy,      91.08 SR,"9 Apr, 2019",97%,"10,467"
351,RIDE 4,     29.98 SR,"8 Oct, 2020",77%,"2,955"
352,Two Point Hospital,     32.30 SR,"30 Aug, 2018",92%,"19,259"
353,Rocksmith¬Æ 2014 Edition - Remastered,      41.70 SR,"4 Oct, 2016",91%,"10,057"
354,Steel Division 2,     14.98 SR,"20 Jun, 2019",78%,"4,451"
355,Sword and Fairy 7,87.95 SR,"22 Oct, 2021",69%,"7,405"
356,DOOM,     26.99 SR,"13 May, 2016",95%,"102,996"
357,Command & Conquer‚Ñ¢ Remastered Collection,      54.50 SR,"5 Jun, 2020",91%,"20,754"
358,Automobilista 2,     29.97 SR,"1 Jul, 2020",88%,"2,959"
359,Celeste,     14.00 SR,"25 Jan, 2018",97%,"40,291"
360,For The King,     11.88 SR,"19 Apr, 2018",88%,"16,750"
361,Spiritfarer¬Æ,     23.47 SR,"18 Aug, 2020",95%,"12,571"
362,Nickelodeon All-Star Brawl,     56.21 SR,"5 Oct, 2021",84%,"3,520"
363,PC Building Simulator,     13.98 SR,"29 Jan, 2019",94%,"31,997"
364,Destiny 2: Beyond Light,     29.97 SR,"10 Nov, 2020",51%,"3,577"
365,Slime Rancher,     16.80 SR,"1 Aug, 2017",97%,"68,337"
366,Cooking Simulator,     17.82 SR,"6 Jun, 2019",83%,"10,462"
367,Assassin‚Äôs Creed¬Æ IV Black Flag‚Ñ¢,      61.05 SR,"19 Nov, 2013",89%,"43,849"
368,The Sims‚Ñ¢ 4 City Living,      74.50 SR,"18 Jun, 2020",95%,48
369,DJMAX RESPECT V,168.00 SR,"12 Mar, 2020",87%,"14,000"
370,Phantasy Star Online 2 New Genesis,Free To Play,"5 Aug, 2020",72%,"17,950"
371,FATAL FRAME / PROJECT ZERO: Maiden of Black Water,59.95 SR,"28 Oct, 2021",74%,"2,938"
372,Settlement Survival,     26.95 SR,"11 Oct, 2021",89%,"1,296"
373,A Dance of Fire and Ice,     10.46 SR,"25 Jan, 2019",93%,"29,255"
374,Swords of Legends Online,      95.99 SR,"9 Jul, 2021",73%,"3,811"
375,Stick Fight: The Game,     8.50 SR,"28 Sep, 2017",93%,"68,267"
376,Exo One,31.95 SR,"18 Nov, 2021",93%,"1,646"
377,Despot's Game: Dystopian Army Builder,     23.96 SR,"14 Oct, 2021",88%,961
378,Grim Dawn - Ashes of Malmouth Expansion,     21.41 SR,"11 Oct, 2017",90%,"1,228"
379,Age of Empires II: Definitive Edition - Dawn of the Dukes,     27.75 SR,"10 Aug, 2021",81%,309
380,Desperados III,      64.60 SR,"16 Jun, 2020",96%,"6,036"
381,Albion Online,Free to Play,"16 May, 2018",79%,"41,993"
382,Bless Unleashed,Free To Play,"6 Aug, 2021",51%,"27,474"
383,The Elder Scrolls Online - Blackwood,      49.50 SR,"1 Jun, 2021",52%,307
384,Euro Truck Simulator 2 - Scandinavia,     15.90 SR,"14 May, 2015",96%,"4,208"
385,DEAD OR ALIVE 6,     22.48 SR,"1 Mar, 2019",72%,"6,699"
386,Chernobylite,      98.40 SR,"28 Jul, 2021",83%,"6,178"
387,Battlefield 4‚Ñ¢,189.00 SR,"11 Jun, 2020",86%,"29,245"
388,Disciples: Liberation,     53.95 SR,"21 Oct, 2021",79%,"1,072"
389,Total War: WARHAMMER III,249.00 SR,Feb 17th 2022,No ,yet
390,Road 96 üõ£Ô∏è,     39.96 SR,"16 Aug, 2021",92%,"5,284"
391,Euro Truck Simulator 2 - Road to the Black Sea,     15.00 SR,"5 Dec, 2019",88%,"2,198"
392,Grim Dawn - Forgotten Gods Expansion,     21.66 SR,"27 Mar, 2019",86%,878
393,House Flipper - Luxury DLC,29.95 SR,"14 Oct, 2021",80%,283
394,Black Mesa,     13.98 SR,"6 Mar, 2020",95%,"67,359"
395,Expansion - Hearts of Iron IV: La R√©sistance,     17.47 SR,"25 Feb, 2020",44%,"1,522"
396,The Jackbox Party Pack 7,     32.86 SR,"15 Oct, 2020",97%,"2,294"
397,Killing Floor 2,     20.75 SR,"18 Nov, 2016",88%,"69,224"
398,Post Scriptum,     21.10 SR,"9 Aug, 2018",80%,"12,401"
399,Iron Harvest,     15.25 SR,"1 Sep, 2020",74%,"6,089"
400,Call of Duty¬Æ: WWII,      124.50 SR,"3 Nov, 2017",62%,"18,622"
401,Muse Dash,9.95 SR,"20 Jun, 2019",96%,"47,966"
402,Stellaris: Utopia,     28.00 SR,"6 Apr, 2017",79%,"1,081"
403,Apex Legends‚Ñ¢ - Loba Edition,109.00 SR,"2 Nov, 2021",90%,116
404,Unrailed!,     15.28 SR,"23 Sep, 2020",93%,"7,272"
405,Total War: WARHAMMER II - The Silence & The Fury,     29.70 SR,"14 Jul, 2021",79%,777
406,Yakuza 0,     14.00 SR,"1 Aug, 2018",94%,"34,603"
407,SD GUNDAM G GENERATION CROSS RAYS,      59.70 SR,"28 Nov, 2019",85%,"4,961"
408,We Happy Few,      23.90 SR,"10 Aug, 2018",75%,"7,717"
409,Monster Train,     15.98 SR,"21 May, 2020",96%,"13,053"
410,The Binding of Isaac: Afterbirth,     16.08 SR,"30 Oct, 2015",93%,"6,628"
411,Plants vs. Zombies: Battle for Neighborville‚Ñ¢,      37.25 SR,"4 Jun, 2020",73%,"4,339"
412,Little Nightmares,     14.00 SR,"28 Apr, 2017",93%,"28,170"
413,MADNESS: Project Nexus,     35.95 SR,"30 Sep, 2021",97%,"5,950"
414,Gears 5,     14.98 SR,"10 Sep, 2019",69%,"14,405"
415,Mini Motorways,     19.75 SR,"20 Jul, 2021",95%,"9,893"
416,Pillars of Eternity II: Deadfire,      28.50 SR,"8 May, 2018",86%,"9,534"
417,The Sims‚Ñ¢ 4 Get To Work,      74.50 SR,"18 Jun, 2020",66%,45
418,Company of Heroes 2,     14.00 SR,"25 Jun, 2013",79%,"53,314"
419,The Long Dark,     18.34 SR,"1 Aug, 2017",91%,"74,285"
420,People Playground,     10.97 SR,"23 Jul, 2019",98%,"70,691"
421,Prison Architect,     11.73 SR,"6 Oct, 2015",91%,"47,781"
422,South Park‚Ñ¢: The Fractured But Whole‚Ñ¢,      68.75 SR,"16 Oct, 2017",80%,"15,303"
423,F.I.S.T.: Forged In Shadow Torch,     67.99 SR,"3 Oct, 2021",90%,"3,816"
424,Outward,      47.70 SR,"26 Mar, 2019",74%,"13,972"
425,Library Of Ruina,     35.21 SR,"10 Aug, 2021",91%,"10,103"
426,Tomb Raider,     7.50 SR,"4 Mar, 2013",96%,"123,829"
427,Factory Town,     17.47 SR,"17 Nov, 2021",91%,"2,769"
428,Zero Hour,24.95 SR,"12 Aug, 2020",84%,"15,442"
429,DayZ Livonia,     39.16 SR,"3 Dec, 2019",72%,864
430,Planet Zoo: Aquatic Pack,     28.00 SR,"8 Dec, 2020",80%,222
431,Into the Radius VR,     32.86 SR,"20 Jul, 2020",89%,"2,287"
432,Total War: ATTILA,      37.25 SR,"17 Feb, 2015",80%,"19,060"
433,Âè§ÂâëÂ•áË∞≠‰∏â(Gujian3),     18.78 SR,"14 Dec, 2018",85%,"32,591"
434,ENDLESS‚Ñ¢ Space 2,      26.00 SR,"18 May, 2017",83%,"13,687"
435,Prey,      30.00 SR,"4 May, 2017",89%,"24,307"
436,Stellaris: Apocalypse,     17.47 SR,"22 Feb, 2018",64%,"1,324"
437,Craftopia,     27.96 SR,"4 Sep, 2020",83%,"11,681"
438,Planet Zoo: Africa Pack,     28.00 SR,"22 Jun, 2021",91%,89
439,Assassin's Creed¬Æ Syndicate,      46.25 SR,"19 Nov, 2015",79%,"18,486"
440,Stormworks: Build and Rescue,39.95 SR,"17 Sep, 2020",92%,"20,124"
441,Outlast 2,     9.39 SR,"25 Apr, 2017",90%,"26,089"
442,Back 4 Blood Annual Pass,      104.30 SR,"12 Oct, 2021",66%,220
443,RimWorld - Royalty,34.95 SR,"24 Feb, 2020",83%,"1,646"
444,Just Cause‚Ñ¢ 3,     7.50 SR,"1 Dec, 2015",82%,"76,283"
445,Cities: Skylines - Sunset Harbor,     14.97 SR,"26 Mar, 2020",59%,449
446,Outlast,     6.99 SR,"4 Sep, 2013",96%,"53,234"
447,The Elder Scrolls IV: Oblivion¬Æ Game of the Year Edition,     16.80 SR,"16 Jun, 2009",95%,"26,774"
448,Just Cause 4 Reloaded,,"4 Dec, 2018",62%,"14,536"
449,Tetris¬Æ Effect: Connected,     40.16 SR,"18 Aug, 2021",96%,"2,542"
450,Sable,     26.76 SR,"23 Sep, 2021",85%,"1,007"
451,Eternal Return,Free To Play,"14 Oct, 2020",82%,"36,795"
452,Crossout,Free To Play,"27 Jul, 2017",77%,"46,395"
453,Shadowverse CCG,Free To Play,"28 Oct, 2016",75%,"12,250"
454,Ranch Simulator,     31.96 SR,"4 Mar, 2021",85%,"5,061"
455,The Elder Scrolls IV: Oblivion¬Æ Game of the Year Edition Deluxe,     21.00 SR,"16 Jun, 2009",95%,"26,767"
456,The Binding of Isaac: Afterbirth+,,"4 Jan, 2017",67%,"5,314"
457,X-Plane 11,      92.22 SR,"30 Mar, 2017",91%,"11,645"
458,S.T.A.L.K.E.R.: Shadow of Chernobyl,     16.80 SR,"20 Mar, 2007",95%,"19,565"
459,GreedFall,      59.60 SR,"10 Sep, 2019",78%,"12,237"
460,Gears Tactics,     14.98 SR,"28 Apr, 2020",76%,"4,674"
461,Arma 3 Creator DLC: Western Sahara,24.95 SR,"18 Nov, 2021",84%,453
462,Expansion - Hearts of Iron IV: Waking the Tiger,     17.47 SR,"8 Mar, 2018",78%,"1,515"
463,Far Cry 3,     13.69 SR,"29 Nov, 2012",90%,"70,717"
464,Portal,     4.39 SR,"10 Oct, 2007",98%,"79,762"
465,Yakuza Kiwami 2,     40.50 SR,"9 May, 2019",95%,"6,561"
466,Cities: Skylines - Industries,     14.97 SR,"23 Oct, 2018",74%,576
467,Superliminal,     20.97 SR,"5 Nov, 2020",94%,"11,839"
468,Golf It!,     15.00 SR,"17 Feb, 2017",89%,"12,992"
469,MONSTER HUNTER RISE,249.00 SR,"12 Jan, 2022",No ,yet
470,The Dark Pictures Anthology: Little Hope,      65.00 SR,"30 Oct, 2020",73%,"3,467"
471,Sid Meier's Civilization¬Æ V,83.00 SR,"23 Sep, 2010",96%,"110,292"
472,MONOPOLY¬Æ PLUS,     27.71 SR,"7 Sep, 2017",43%,"7,435"
473,The Lord of the Rings Online‚Ñ¢,,"6 Jun, 2012",81%,"14,260"
474,Muse Dash - Just as planned,39.95 SR,"20 Jun, 2019",92%,"1,475"
475,Undertale,33.00 SR,"15 Sep, 2015",96%,"146,408"
476,Injustice‚Ñ¢ 2,     14.99 SR,"1 Dec, 2017",85%,"8,414"
477,Eco,     39.90 SR,"6 Feb, 2018",82%,"6,929"
478,BATTLETECH,     14.98 SR,"24 Apr, 2018",82%,"16,435"
479,ULTRAKILL,     27.96 SR,"3 Sep, 2020",99%,"15,363"
480,Castle Crashers¬Æ,     5.99 SR,"26 Sep, 2012",96%,"63,117"
481,VRChat,Free To Play,"2 Feb, 2017",90%,"113,418"
482,Beyond: Two Souls,     22.50 SR,"18 Jun, 2020",89%,"9,140"
483,Let's Build a Zoo,34.95 SR,"5 Nov, 2021",91%,895
484,Destiny 2: Bungie 30th Anniversary Pack,37.95 SR,"7 Dec, 2021",No ,yet
485,The Jackbox Party Pack 3,     45.50 SR,"18 Oct, 2016",96%,"3,305"
486,Grow: Song of the Evertree,     82.80 SR,"16 Nov, 2021",86%,438
487,PlanetSide 2,Free to Play,"20 Nov, 2012",82%,"63,812"
488,Euro Truck Simulator 2 - Beyond the Baltic Sea,     15.00 SR,"29 Nov, 2018",92%,"1,898"
489,NieR Replicant‚Ñ¢ ver.1.22474487139...,229.00 SR,"23 Apr, 2021",87%,"11,152"
490,Fallout 3: Game of the Year Edition,     22.40 SR,"17 Dec, 2009",77%,"26,402"
491,Total War: SHOGUN 2,     24.75 SR,"15 Mar, 2011",91%,"24,866"
492,Sid Meier's Civilization¬Æ VI: Vietnam & Kublai Khan Pack,34.00 SR,"28 Jan, 2021",58%,79
493,Loop Hero,     20.97 SR,"4 Mar, 2021",94%,"22,449"
494,Warface,Free To Play,"1 Jul, 2014",68%,"73,334"
495,Plants vs. Zombies GOTY Edition,     6.80 SR,"5 May, 2009",96%,"59,728"
496,This War of Mine,     8.00 SR,"14 Nov, 2014",94%,"62,114"
497,Worms W.M.D,      25.80 SR,"23 Aug, 2016",84%,"5,166"
498,Super Monkey Ball Banana Mania,      93.75 SR,"5 Oct, 2021",90%,653
499,FINAL FANTASY V,     55.20 SR,"10 Nov, 2021",81%,441
500,Sid Meier's Civilization¬Æ VI: Byzantium & Gaul Pack,34.00 SR,"24 Sep, 2020",50%,72
501,GTFO,59.95 SR,"9 Dec, 2019",88%,"20,903"
502,American Truck Simulator - Wyoming,39.00 SR,"7 Sep, 2021",91%,335
503,Spyro‚Ñ¢ Reignited Trilogy,      52.15 SR,"3 Sep, 2019",94%,"7,303"
504,Left 4 Dead,     4.39 SR,"18 Nov, 2008",95%,"30,002"
505,Sid Meier's Civilization¬Æ VI: Maya & Gran Colombia Pack,34.00 SR,"21 May, 2020",40%,245
506,Shakes and Fidget,Free to Play,"25 Feb, 2016",93%,"22,977"
507,The Witcher 3: Wild Hunt - Game of the Year Edition,      25.80 SR,"30 Aug, 2016",97%,"538,166"
508,Immersion Pack - Europa Universalis IV: Origins,21.95 SR,"11 Nov, 2021",54%,453
509,Dead Space‚Ñ¢ 3,     16.50 SR,"18 Jun, 2020",78%,"4,753"
510,PGA TOUR 2K21,      74.25 SR,"21 Aug, 2020",83%,"3,676"
511,Expansion - Hearts of Iron IV: Battle for the Bosporus,     14.70 SR,"15 Oct, 2020",49%,"2,165"
512,Cities: Skylines - Mass Transit,     21.00 SR,"18 May, 2017",84%,769
513,Bloodstained: Ritual of the Night,      66.60 SR,"18 Jun, 2019",95%,"21,633"
514,Neon Abyss,     20.97 SR,"14 Jul, 2020",88%,"12,016"
515,The Escapists 2,     14.00 SR,"22 Aug, 2017",90%,"16,637"
516,Summer Memories,     26.21 SR,"15 Jun, 2020",92%,"5,570"
517,Age of Empires II: Definitive Edition - Lords of the West,     14.70 SR,"26 Jan, 2021",75%,469
518,Red Dead Online,     37.50 SR,"1 Dec, 2020",84%,"32,139"
519,Far Cry¬Æ New Dawn,      52.25 SR,"15 Feb, 2019",77%,"18,842"
520,Getting Over It with Bennett Foddy,     10.77 SR,"6 Dec, 2017",83%,"36,455"
521,Fishing Planet,Free to Play,"28 Aug, 2017",83%,"31,586"
522,Griftlands,     23.41 SR,"1 Jun, 2021",95%,"10,224"
523,Frostpunk: The Last Autumn,     19.17 SR,"21 Jan, 2020",77%,950
524,World of Tanks,Free To Play,"29 Apr, 2021",71%,"14,748"
525,Lords Mobile,Free,"3 Jun, 2019",68%,"3,808"
526,Melvor Idle,21.95 SR,"18 Nov, 2021",94%,"3,660"
527,OMSI 2: Steam Edition,     68.49 SR,"11 Dec, 2013",80%,"4,222"
528,Evil Genius 2: World Domination,     29.97 SR,"30 Mar, 2021",64%,"7,647"
529,The Evil Within 2,      24.00 SR,"12 Oct, 2017",92%,"11,916"
530,Realm of the Mad God Exalt,Free to Play,"20 Feb, 2012",84%,"40,264"
531,Prison Simulator,34.95 SR,"4 Nov, 2021",87%,753
532,Universe Sandbox,     31.45 SR,"25 Aug, 2015",95%,"13,431"
533,Keep Talking and Nobody Explodes,     15.51 SR,"8 Oct, 2015",98%,"8,285"
534,Youtubers Life 2,     79.96 SR,"19 Oct, 2021",71%,607
535,Blasphemous,     9.98 SR,"10 Sep, 2019",90%,"13,397"
536,Stellaris: MegaCorp,     17.47 SR,"6 Dec, 2018",58%,"1,024"
537,RAILROADS Online!,133.00 SR,"1 Oct, 2021",82%,"1,091"
538,Poly Bridge 2,     17.97 SR,"28 May, 2020",96%,"3,805"
539,Call to Arms - Gates of Hell: Ostfront,,"11 Jun, 2021",81%,"3,264"
540,ARK: Aberration - Expansion Pack,,"12 Dec, 2017",77%,"2,919"
541,Ni no Kuni‚Ñ¢ II: Revenant Kingdom,      44.85 SR,"23 Mar, 2018",83%,"6,041"
542,Arma 3 Apex,     30.58 SR,"11 Jul, 2016",82%,"2,187"
543,FOREWARNED,     24.25 SR,"10 Sep, 2021",91%,"1,336"
544,Ori and the Blind Forest,,"11 Mar, 2015",95%,"40,499"
545,Expansion - Hearts of Iron IV: Man the Guns,     17.47 SR,"28 Feb, 2019",57%,"1,358"
546,Maneater,     35.97 SR,"25 May, 2021",90%,"5,231"
547,ARK: Scorched Earth - Expansion Pack,,"1 Sep, 2016",77%,"4,109"
548,Phoenix Point: Year One Edition,     23.47 SR,"3 Dec, 2020",72%,"2,519"
549,Dead Cells: Fatal Falls,11.95 SR,"26 Jan, 2021",92%,359
550,The Forgotten City,     31.96 SR,"28 Jul, 2021",97%,"3,096"
551,Amazing Cultivation Simulator,     31.96 SR,"25 Nov, 2020",87%,"14,325"
552,OMORI,34.95 SR,"25 Dec, 2020",98%,"25,828"
553,Action Taimanin,Free To Play,"6 Oct, 2020",84%,"11,060"
554,Mount & Blade: Warband,     17.49 SR,"31 Mar, 2010",97%,"104,925"
555,Planet Zoo: Southeast Asia Animal Pack,     28.00 SR,"30 Mar, 2021",86%,119
556,ARK: Extinction - Expansion Pack,,"7 Nov, 2018",68%,"2,314"
557,Hextech Mayhem: A League of Legends Story‚Ñ¢,34.00 SR,"16 Nov, 2021",79%,"1,559"
558,Governor of Poker 3,Free to Play,"19 Feb, 2016",71%,"8,570"
559,STORY OF SEASONS: Pioneers of Olive Town,     44.96 SR,"15 Sep, 2021",87%,404
560,Divinity: Original Sin - Enhanced Edition,      36.40 SR,"27 Oct, 2015",89%,"16,597"
561,Total War: ROME REMASTERED,      93.75 SR,"29 Apr, 2021",72%,"6,505"
562,Deep Rock Galactic - Rival Tech Pack,17.95 SR,"4 Nov, 2021",95%,231
563,Farming Simulator 22 - Year 1 Bundle,231.78 SR,,85%,"7,006"
564,Steep‚Ñ¢,      27.80 SR,"2 Dec, 2016",81%,"18,210"
565,The Isle,     47.60 SR,"2 Dec, 2015",83%,"41,598"
566,Pathfinder: Wrath of the Righteous - Season Pass,109.95 SR,"2 Sep, 2021",81%,11
567,A Plague Tale: Innocence,      42.25 SR,"14 May, 2019",93%,"34,159"
568,The Sims‚Ñ¢ 3,66.00 SR,"27 Jan, 2011",85%,"22,800"
569,Total War: WARHAMMER II - Rise of the Tomb Kings,     31.50 SR,"23 Jan, 2018",86%,"1,747"
570,Digimon Story Cyber Sleuth: Complete Edition,      50.70 SR,"18 Oct, 2019",92%,"4,575"
571,Euro Truck Simulator 2 - Italia,     15.00 SR,"5 Dec, 2017",94%,"1,615"
572,3DMark,     7.04 SR,"13 Feb, 2013",92%,"8,356"
573,Townscaper,     9.34 SR,"26 Aug, 2021",97%,"13,277"
574,Sakuna: Of Rice and Ruin,     35.97 SR,"10 Nov, 2020",93%,"2,825"
575,Euro Truck Simulator 2 - Vive la France !,     15.90 SR,"5 Dec, 2016",93%,"1,609"
576,The Witcher 2: Assassins of Kings Enhanced Edition,     8.40 SR,"17 Apr, 2012",90%,"61,437"
577,The Sims‚Ñ¢ 4 Get Famous,      74.50 SR,"18 Jun, 2020",81%,27
578,Destiny 2: Forsaken,     13.18 SR,"10 Nov, 2020",65%,"2,392"
579,Neverwinter,Free to Play,"6 Dec, 2013",77%,"33,378"
580,My Time At Portia,     11.73 SR,"15 Jan, 2019",92%,"26,820"
581,Tainted Grail: Conquest,     24.46 SR,"27 May, 2021",91%,"4,353"
582,DAEMON X MACHINA,     44.97 SR,"13 Feb, 2020",89%,"4,848"
583,We Were Here Together,     13.47 SR,"10 Oct, 2019",86%,"6,102"
584,Apex Legends‚Ñ¢ - Octane Edition,      76.30 SR,"5 Nov, 2020",89%,312
585,Conan Exiles: Isle of Siptah,     32.92 SR,"27 May, 2021",51%,"1,156"
586,The Dark Pictures Anthology: Man of Medan,      42.57 SR,"30 Aug, 2019",72%,"5,144"
587,Idle Champions of the Forgotten Realms,Free to Play,"25 Mar, 2020",81%,"9,083"
588,Total War: WARHAMMER II - The Twisted & The Twilight,     22.11 SR,"3 Dec, 2020",74%,926
589,Rivals of Aether,     23.47 SR,"28 Mar, 2017",95%,"18,443"
590,Trove,,"9 Jul, 2015",80%,"83,966"
591,Dragon Age: Origins - Ultimate Edition,     20.75 SR,"27 Oct, 2010",90%,"14,550"
592,Splitgate,Free To Play,"24 May, 2019",91%,"89,439"
593,Overcooked! All You Can Eat,     29.97 SR,"23 Mar, 2021",67%,907
594,Arma 3 Creator DLC: S.O.G. Prairie Fire,     63.96 SR,"6 May, 2021",81%,"1,414"
595,Lost Ruins,     27.96 SR,"13 May, 2021",91%,"2,059"
596,EARTH DEFENSE FORCE 5,     40.47 SR,"11 Jul, 2019",94%,"4,842"
597,RPG Maker MV,      49.50 SR,"23 Oct, 2015",92%,"4,678"
598,ENDER LILIES: Quietus of the Knights,40.95 SR,"21 Jun, 2021",95%,"11,762"
599,SPORE‚Ñ¢,     16.50 SR,"19 Dec, 2008",91%,"36,012"
600,Nioh: Complete Edition / ‰ªÅÁéã Complete Edition,     18.73 SR,"7 Nov, 2017",79%,"21,144"
601,Crash Bandicoot‚Ñ¢ N. Sane Trilogy,      74.50 SR,"29 Jun, 2018",93%,"7,637"
602,Impostor Factory,     18.65 SR,"30 Sep, 2021",96%,"5,462"
603,EVERSPACE‚Ñ¢ 2,     54.36 SR,"18 Jan, 2021",91%,"3,368"
604,Bus Simulator 21,      96.25 SR,"7 Sep, 2021",67%,"1,110"
605,Stoneshard,     27.96 SR,"6 Feb, 2020",76%,"18,641"
606,Dragon Age II,     16.50 SR,"4 Jun, 2020",82%,"1,564"
607,Volcanoids,     27.96 SR,"29 Jan, 2019",86%,"3,453"
608,Stellaris: Necroids Species Pack,     14.36 SR,"29 Oct, 2020",54%,444
609,Pacify,     8.36 SR,"22 Feb, 2019",88%,"21,807"
610,Curse of the Dead Gods,     47.40 SR,"23 Feb, 2021",87%,"4,457"
611,Kingdom Two Crowns: Norse Lands,15.95 SR,"16 Nov, 2021",76%,179
612,Total War: WARHAMMER II - Curse of the Vampire Coast,     31.50 SR,"8 Nov, 2018",78%,"1,214"
613,DARK SOULS III Deluxe Edition,      184.50 SR,"12 Apr, 2016",94%,"194,283"
614,Super Bunny Man,30.95 SR,"31 Aug, 2017",88%,"2,106"
615,Foundation,     39.90 SR,"1 Feb, 2019",86%,"9,025"
616,Starbound,     28.20 SR,"22 Jul, 2016",91%,"76,465"
617,Endzone - A World Apart,     30.98 SR,"18 Mar, 2021",77%,"4,488"
618,Resident Evil Village,      122.50 SR,,95%,"42,939"
619,Sid Meier‚Äôs Civilization¬Æ VI Anthology,      140.81 SR,,81%,"143,401"
620,Surviving the Aftermath,46.95 SR,"16 Nov, 2021",69%,"1,482"
621,Fable Anniversary,     23.25 SR,"12 Sep, 2014",83%,"8,565"
622,Men of War: Assault Squad 2,     9.39 SR,"15 May, 2014",90%,"24,173"
623,Battle Brothers,     41.50 SR,"24 Mar, 2017",88%,"13,606"
624,Arizona Sunshine¬Æ,     17.37 SR,"6 Dec, 2016",81%,"6,042"
625,House Party,     29.96 SR,"30 Jun, 2017",88%,"9,565"
626,eFootball PES 2021 SEASON UPDATE,     9.39 SR,"15 Sep, 2020",74%,"31,861"
627,Tails of Iron,     74.25 SR,"17 Sep, 2021",91%,"2,426"
628,DRAGON QUEST¬Æ XI S: Echoes of an Elusive Age‚Ñ¢ - Definitive Edition,139.00 SR,"4 Dec, 2020",94%,"3,749"
629,Age of Empires: Definitive Edition,     14.12 SR,"19 Aug, 2019",82%,"7,894"
630,Yakuza Kiwami,     25.20 SR,"19 Feb, 2019",93%,"7,618"
631,Resident Evil 4,     19.99 SR,"28 Feb, 2014",90%,"29,929"
632,Batman‚Ñ¢: Arkham Origins,     14.00 SR,"25 Oct, 2013",87%,"22,414"
633,TaleSpire,39.95 SR,"15 Apr, 2021",95%,"1,453"
634,WRC 10 FIA World Rally Championship,      93.76 SR,"2 Sep, 2021",70%,441
635,"Warhammer 40,000: Gladius - Adeptus Mechanicus",     26.95 SR,"22 Nov, 2021",94%,56
636,Euro Truck Simulator 2 - Going East!,     11.70 SR,"20 Sep, 2013",93%,"2,339"
637,Project CARS 2,      29.85 SR,"22 Sep, 2017",80%,"10,340"
638,This Land Is My Land,     44.96 SR,"20 Oct, 2021",75%,"2,228"
639,God of War,215.00 SR,"14 Jan, 2022",No ,yet
640,KovaaK 2.0,     18.65 SR,"3 Apr, 2018",92%,"19,899"
641,Wargame: Red Dragon,      23.80 SR,"17 Apr, 2014",88%,"11,739"
642,War Planet Online: Global Conquest,Free To Play,"19 Dec, 2017",61%,581
643,Â∞èÁôΩÂÖîÁîµÂïÜ~Bunny e-Shop,23.95 SR,"12 Nov, 2021",97%,"3,090"
644,MORDHAU,     31.45 SR,"29 Apr, 2019",82%,"78,836"
645,RPG Maker MZ,      83.96 SR,"27 Aug, 2020",78%,569
646,Twelve Minutes,     35.16 SR,"19 Aug, 2021",73%,"4,577"
647,MX Bikes,53.95 SR,"7 Oct, 2019",94%,"3,770"
648,GOD EATER 3,      31.84 SR,"8 Feb, 2019",82%,"5,100"
649,Kingdoms of Amalur: Re-Reckoning,      49.60 SR,"8 Sep, 2020",73%,"3,422"
650,Expansion - Hearts of Iron IV: Together for Victory,     23.50 SR,"15 Dec, 2016",49%,"1,213"
651,City Car Driving,     11.28 SR,"3 Nov, 2016",80%,"12,315"
652,Planet Zoo: Arctic Pack,     22.40 SR,"17 Dec, 2019",70%,288
653,The Binding of Isaac: Rebirth Complete Bundle,      74.21 SR,,95%,"176,768"
654,Dead by Daylight - Hour of the Witch Chapter,15.45 SR,"19 Oct, 2021",62%,427
655,The Sims‚Ñ¢ 4 Island Living,      74.50 SR,"18 Jun, 2020",82%,28
656,Wasteland 3: The Battle of Steeltown,     16.77 SR,"3 Jun, 2021",60%,136
657,Draw & Guess,    6.36 SR,"12 Mar, 2021",85%,"20,517"
658,Empire of Sin,     29.97 SR,"1 Dec, 2020",48%,"3,342"
659,LEGO¬Æ Star Wars‚Ñ¢ - The Complete Saga,     8.73 SR,"13 Nov, 2009",96%,"12,587"
660,SUPERHOT VR,     53.40 SR,"25 May, 2017",87%,"5,074"
661,Idol Manager,     27.96 SR,"27 Jul, 2021",89%,"1,962"
662,HELLDIVERS‚Ñ¢ Dive Harder Edition,     28.00 SR,"7 Dec, 2015",92%,"15,884"
663,The Sims‚Ñ¢ 4 Discover University,      74.50 SR,"18 Jun, 2020",50%,36
664,Torchlight III,     18.98 SR,"13 Oct, 2020",48%,"8,763"
665,CARRION,     20.97 SR,"23 Jul, 2020",94%,"13,553"
666,Heavy Rain,     22.50 SR,"18 Jun, 2020",82%,"4,594"
667,Voice of Cards: The Isle Dragon Roars,110.00 SR,"28 Oct, 2021",82%,529
668,Ancestors: The Humankind Odyssey,      59.60 SR,"27 Aug, 2020",80%,"4,021"
669,Forager,     15.72 SR,"18 Apr, 2019",92%,"22,287"
670,Borderlands 3 Ultimate Edition,      63.91 SR,,83%,"70,188"
671,American Truck Simulator - Idaho,     26.13 SR,"16 Jul, 2020",90%,496
672,Call of Duty¬Æ: Modern Warfare¬Æ Remastered,      74.50 SR,"27 Jul, 2017",65%,"3,459"
673,Need for Speed‚Ñ¢ Hot Pursuit Remastered,      45.87 SR,"6 Nov, 2020",79%,"2,812"
674,Friday the 13th: The Game,29.95 SR,"26 May, 2017",79%,"52,766"
675,Journey,     14.97 SR,"11 Jun, 2020",95%,"16,194"
676,Unravel Two,     16.50 SR,"4 Jun, 2020",86%,"1,391"
677,Call of Duty¬Æ: Modern Warfare¬Æ 2,     74.25 SR,"12 Nov, 2009",92%,"21,889"
678,Last Epoch,53.95 SR,"30 Apr, 2019",87%,"8,809"
679,Mortal Online 2,59.95 SR,"23 Nov, 2021",73%,122
680,Serious Sam 4,     29.97 SR,"24 Sep, 2020",83%,"9,501"
681,Visage,     37.76 SR,"30 Oct, 2020",88%,"4,886"
682,Age of Wonders: Planetfall,     18.73 SR,"6 Aug, 2019",80%,"3,622"
683,Mortal Kombat X,     14.00 SR,"14 Apr, 2015",84%,"27,133"
684,Kingdom Rush Vengeance - Tower Defense,     22.71 SR,"15 Oct, 2020",95%,"3,849"
685,The Jackbox Party Pack 6,     30.51 SR,"17 Oct, 2019",95%,"1,598"
686,Honkai Impact 3rd,Free To Play,"21 Oct, 2021",61%,"2,935"
687,Alien: Isolation,      26.00 SR,"6 Oct, 2014",92%,"33,010"
688,Hydroneer,21.95 SR,"8 May, 2020",87%,"7,947"
689,Project Hospital,     21.97 SR,"30 Oct, 2018",87%,"4,426"
690,Necromunda: Hired Gun,      104.78 SR,"1 Jun, 2021",72%,"3,269"
691,Dead by Daylight - Resident Evil Chapter,34.95 SR,"15 Jun, 2021",80%,"1,419"
692,MechWarrior 5: Mercenaries - Legend of the Kestrel Lancers,     26.21 SR,"23 Sep, 2021",63%,125
693,Stormworks: Search and Destroy,21.95 SR,"5 Oct, 2021",79%,485
694,Eastward,70.00 SR,"16 Sep, 2021",85%,"8,777"
695,NARUTO STORM 4 : Road to Boruto Expansion,     28.00 SR,"3 Feb, 2017",77%,632
696,DJMAX RESPECT V - NEXON PACK,74.00 SR,"28 Oct, 2021",81%,571
697,Hunt: Showdown - Cold Blooded,     14.36 SR,"26 Oct, 2021",98%,96
698,Enter the Gungeon,     18.80 SR,"5 Apr, 2016",96%,"55,807"
699,Stellaris: Ultimate Bundle,      224.96 SR,,85%,"93,189"
700,A Total War Saga: THRONES OF BRITANNIA,      33.25 SR,"3 May, 2018",67%,"9,186"
701,Hobo: Tough Life,     29.96 SR,"13 Apr, 2021",82%,"4,318"
702,Arma 3 Contact,     33.98 SR,"25 Jul, 2019",68%,"1,384"
703,Game of Thrones Winter is Coming,Free To Play,"14 Nov, 2019",61%,"1,567"
704,Borderlands Game of the Year,      42.57 SR,"26 Oct, 2009",93%,"17,233"
705,Bright Memory,17.95 SR,"25 Mar, 2020",92%,"27,825"
706,Fallout 4 VR,      71.70 SR,"12 Dec, 2017",66%,"3,803"
707,AIÔºäShoujo/AIÔºäÂ∞ëÂ•≥,      130.59 SR,"17 Mar, 2020",77%,"1,664"
708,Call of Duty¬Æ: Infinite Warfare,      82.17 SR,"4 Nov, 2016",48%,"10,327"
709,Castlevania Advance Collection,     26.21 SR,"24 Sep, 2021",96%,545
710,HITMAN‚Ñ¢,,"11 Mar, 2016",81%,"22,552"
711,Workers & Resources: Soviet Republic,     37.56 SR,"15 Mar, 2019",91%,"9,093"
712,What Remains of Edith Finch,     16.80 SR,"25 Apr, 2017",95%,"21,353"
713,March of Empires,Free To Play,"11 Dec, 2017",66%,"1,072"
714,The Jackbox Party Pack 5,     28.17 SR,"17 Oct, 2018",92%,"1,336"
715,NARAKA BLADEPOINT - Ultimate DLC,145.00 SR,"12 Aug, 2021",42%,317
716,DCS: F/A-18C Hornet,      209.99 SR,"1 Jun, 2018",94%,549
717,Borderlands: The Pre-Sequel,      26.00 SR,"17 Oct, 2014",83%,"24,521"
718,ÂóúË°ÄÂç∞ Bloody Spell,     28.76 SR,"16 Jan, 2019",86%,"17,123"
719,Total War: WARHAMMER II - The Warden & The Paunch,     22.11 SR,"21 May, 2020",70%,"1,288"
720,Terminator: Resistance,      74.50 SR,"14 Nov, 2019",92%,"6,760"
721,The Sims‚Ñ¢ 4 Vampires,     59.25 SR,"18 Jun, 2020",82%,63
722,Operation: Tango,     39.34 SR,"1 Jun, 2021",90%,"2,555"
723,Planet Zoo: Australia Pack,     24.27 SR,"25 Aug, 2020",71%,151
724,Rust - Voice Props Pack,     18.05 SR,"1 Jul, 2021",74%,672
725,The Survivalists,     9.98 SR,"9 Oct, 2020",73%,"2,638"
726,Tom Clancy‚Äôs The Division‚Ñ¢,      45.87 SR,"8 Mar, 2016",69%,"65,748"
727,Space Haven,     26.79 SR,"21 May, 2020",87%,"4,675"
728,Call to Arms,     14.97 SR,"30 Jul, 2015",79%,"9,991"
729,OCTOPATH TRAVELER‚Ñ¢,224.95 SR,"7 Jun, 2019",86%,"7,383"
730,Dorfromantik,     19.75 SR,"25 Mar, 2021",97%,"10,553"
731,Dishonored,     11.39 SR,"12 Oct, 2012",97%,"47,577"
732,Cities: Skylines - Green Cities,     21.00 SR,"19 Oct, 2017",81%,386
733,Tales of Berseria‚Ñ¢,      27.60 SR,"27 Jan, 2017",93%,"10,752"
734,In Silence,     17.56 SR,"30 Oct, 2021",81%,"7,011"
735,Plague Inc: Evolved,     15.98 SR,"18 Feb, 2016",94%,"36,803"
736,Â∞ÅÁÅµÊ°£Ê°à,Free,"29 Mar, 2021",76%,"11,065"
737,Call of Duty: World at War,     74.25 SR,"19 Nov, 2008",92%,"32,482"
738,Russian Fishing 4,Free To Play,"11 Nov, 2021",76%,"21,391"
739,Wobbly Life,     22.45 SR,"9 Jul, 2020",97%,"3,775"
740,The Binding of Isaac,     1.70 SR,"28 Sep, 2011",95%,"39,189"
741,BLUE REFLECTION / BLUE REFLECTION„ÄÄÂπª„Å´Ëàû„ÅÜÂ∞ëÂ•≥„ÅÆÂâ£,      67.50 SR,"26 Sep, 2017",83%,737
742,VA-11 Hall-A: Cyberpunk Bartender Action,     19.76 SR,"21 Jun, 2016",97%,"23,302"
743,Ni no Kuni Wrath of the White Witch‚Ñ¢ Remastered,      49.75 SR,"20 Sep, 2019",86%,"1,733"
744,Frostpunk: On The Edge,     16.17 SR,"20 Aug, 2020",42%,"1,047"
745,Webbed,21.95 SR,"9 Sep, 2021",98%,"4,905"
746,XCOM 2: War of the Chosen,      37.25 SR,"3 Dec, 2018",83%,"3,055"
747,Yu-Gi-Oh! Legacy of the Duelist : Link Evolution,     23.98 SR,"24 Mar, 2020",80%,"2,097"
748,MudRunner,     15.80 SR,"31 Oct, 2017",89%,"18,502"
749,Firewatch,     14.00 SR,"9 Feb, 2016",88%,"50,545"
750,Deadside,     26.21 SR,"14 Apr, 2020",79%,"18,959"
751,Stellaris: Synthetic Dawn Story Pack,     16.50 SR,"21 Sep, 2017",72%,699
752,Parkitect,     35.21 SR,"29 Nov, 2018",93%,"4,450"
753,Destroy All Humans!,     31.84 SR,"28 Jul, 2020",94%,"6,000"
754,Don't Starve Together: Starter Pack 2021,17.95 SR,"9 Sep, 2021",91%,23
755,Cities: Skylines - After Dark,     23.50 SR,"24 Sep, 2015",85%,623
756,Thief Simulator,     10.48 SR,"9 Nov, 2018",86%,"13,514"
757,Jump King,     19.43 SR,"3 May, 2019",90%,"5,891"
758,Call of Duty¬Æ: Modern Warfare¬Æ 3,      74.50 SR,"8 Nov, 2011",86%,"8,285"
759,Super Mecha Champions,Free To Play,"25 Mar, 2021",71%,"4,854"
760,Dying Light 2 Stay Human,229.00 SR,"4 Feb, 2022",No ,yet
761,Trailmakers,     19.97 SR,"18 Sep, 2019",92%,"8,250"
762,Book of Travels,     42.25 SR,"11 Oct, 2021",79%,606
763,Wizard101,Free To Play,"7 Sep, 2018",79%,"3,857"
764,Red Solstice 2: Survivors,      75.60 SR,"17 Jun, 2021",71%,"1,956"
765,Dark Deception,Free,"27 Sep, 2018",89%,"9,907"
766,Sprocket,34.95 SR,"26 Aug, 2021",94%,"3,505"
767,Tricky Towers,     23.50 SR,"2 Aug, 2016",90%,"7,938"
768,Ys IX: Monstrum Nox,     75.19 SR,"6 Jul, 2021",96%,812
769,American Truck Simulator - Colorado,     29.25 SR,"12 Nov, 2020",94%,526
770,Railway Empire,     24.73 SR,"26 Jan, 2018",82%,"5,591"
771,Predator: Hunting Grounds,      65.00 SR,"29 Apr, 2021",80%,951
772,rFactor 2,     12.48 SR,"12 Nov, 2015",81%,"3,852"
773,theHunter: Call of the Wild‚Ñ¢ - Silver Ridge Peaks,     9.87 SR,"23 Jun, 2020",68%,547
774,Cities: Skylines - Campus,     13.47 SR,"21 May, 2019",77%,201
775,Ê∏ØË©≠ÂØ¶ÈåÑParanormalHK,     21.66 SR,"6 Jan, 2020",90%,"9,076"
776,Aseprite,     24.46 SR,"22 Feb, 2016",99%,"6,705"
777,Farm Together,     20.97 SR,"11 Oct, 2018",93%,"11,756"
778,The Legend of Heroes: Trails of Cold Steel IV,      83.96 SR,"9 Apr, 2021",94%,"1,247"
779,Atelier Sophie: The Alchemist of the Mysterious Book DX,     44.96 SR,"22 Apr, 2021",85%,208
780,Project Winter,     19.22 SR,"23 May, 2019",86%,"11,830"
781,The Dungeon Of Naheulbeuk: The Amulet Of Chaos,     32.37 SR,"17 Sep, 2020",89%,"4,296"
782,Crusader Kings II,Free To Play,"14 Feb, 2012",90%,"64,768"
783,Children of Morta,     15.98 SR,"3 Sep, 2019",91%,"8,545"
784,Sniper Ghost Warrior Contracts,      39.27 SR,"22 Nov, 2019",74%,"6,791"
785,Spelunky 2,     26.21 SR,"29 Sep, 2020",93%,"11,932"
786,STEINS;GATE,     18.78 SR,"9 Sep, 2016",97%,"10,390"
787,GWENT: The Witcher Card Game,Free To Play,"19 May, 2020",88%,"19,771"
788,Stellaris: Leviathans Story Pack,     16.50 SR,"20 Oct, 2016",73%,512
789,Conan Exiles - People of the Dragon Pack,21.95 SR,"21 Oct, 2021",81%,43
790,Marvel's Guardians of the Galaxy: Digital Deluxe Upgrade,40.00 SR,"26 Oct, 2021",72%,18
791,"Warhammer 40,000: Battlesector",     50.95 SR,"22 Jul, 2021",91%,"1,552"
792,Shovel Knight: Treasure Trove,     32.97 SR,"26 Jun, 2014",96%,"11,398"
793,The Jackbox Party Pack 4,     38.50 SR,"19 Oct, 2017",93%,"1,500"
794,Age of Empires III: DE - The African Royals,     16.46 SR,"2 Aug, 2021",65%,231
795,NARAKA BLADEPOINT - Deluxe DLC,85.00 SR,"12 Aug, 2021",47%,342
796,Graveyard Keeper - Better Save Soul,21.95 SR,"27 Oct, 2021",50%,136
797,Total War: WARHAMMER - Call of the Beastmen,     31.50 SR,"28 Jul, 2016",57%,"1,278"
798,60 Seconds! Reatomized,     12.50 SR,"25 Jul, 2019",94%,"5,734"
799,Project Wingman,     29.96 SR,"1 Dec, 2020",94%,"7,556"
